fr,en
"Bonjour, je m'appelle Arjun et j'ai trente-deux ans.","Hello, my name is Arjun and I am thirty-two."
Je suis indien et j'habite à Mumbai.,I am Indian and I live in Mumbai.
Je travaille comme ingénieur dans une entreprise informatique.,I work as an engineer at an IT company.
"Je parle hindi, anglais et un peu français.","I speak Hindi, English and a little French."
Je suis marié et nous avons une fille.,I am married and we have a daughter.
J'apprends le français parce que je veux vivre au Canada.,I am learning French because I want to live in Canada.
Enchanté de faire votre connaissance.,Pleased to meet you.
"Pourriez-vous répéter, s'il vous plaît ?","Could you repeat that, please?"
Comment vous appelez-vous ?,What is your name? (formal)
D'où venez-vous ?,Where do you come from?
